<?xml version="1.0" encoding="UTF-8"?>
<workspaceFilter version="1.0">
    <filter root="/conf/moonlightprodprogram" mode="merge"/>
    <filter root="/content/moonlightprodprogram" mode="merge"/>
    <filter root="/content/dam/moonlightprodprogram" mode="merge"/>
    <filter root="/content/experience-fragments/moonlightprodprogram" mode="merge"/>
    <filter root="/conf/Editable/settings/wcm/templates/editable-template" mode="merge"/>
	<filter root="/conf/ReferenceEditableTemplates/settings/wcm/templates/rep:policy"/>
    <filter root="/conf/ReferenceEditableTemplates/settings/wcm/templates/blank"/>
    <filter root="/conf/ReferenceEditableTemplates/settings/wcm/templates/basic"/>
    <filter root="/conf/ReferenceEditableTemplates/settings/wcm/templates/basic-with-adobe-sign"/>
    <filter root="/conf/ReferenceICTemplates/settings/wcm/policies"/>
    <filter root="/conf/ReferenceEditableTemplates/settings/wcm/template-types"/>
    <filter root="/conf/Temp"/>
    <!-- We.Gov Sample Filters -->
    <filter root="/conf/we-gov/"/>
    <filter root="/content/dam/we-gov/we-gov.png"/>
    <filter root="/content/dam/we-gov/we-gov_inverted.png"/>
    <filter root="/content/dam/formsanddocuments/adobe-gov-forms/"/>
    <filter root="/content/forms/af/adobe-gov-forms"/>
    <filter root="/content/dam/formsanddocuments-themes/adobe-gov-forms-themes"/>
    <filter root="/etc/clientlibs/fd/themes/adobe-gov-forms-themes"/>
    
</workspaceFilter>
