<?xml version="1.0" encoding="UTF-8"?>
<jcr:root xmlns:sling="http://sling.apache.org/jcr/sling/1.0" xmlns:cq="http://www.day.com/jcr/cq/1.0" xmlns:jcr="http://www.jcp.org/jcr/1.0" xmlns:nt="http://www.jcp.org/jcr/nt/1.0"
          jcr:primaryType="cq:Page">
    <jcr:content
            cq:template="/libs/wcm/core/templates/designpage"
            jcr:primaryType="cq:PageContent"
            jcr:title="Sample Adaptive Form Static Template Design"
            sling:resourceType="wcm/core/components/designer">
        <page jcr:primaryType="nt:unstructured">
            <guideContainer jcr:primaryType="nt:unstructured">
                <rootPanel jcr:primaryType="nt:unstructured"/>
            </guideContainer>
            <gridFluidLayout jcr:primaryType="nt:unstructured"
                             components="[group:Adaptive Form]"/>
            <defaultToolbarLayout jcr:primaryType="nt:unstructured"
                                  components=""/>
            <mobileFixedToolbarLayout jcr:primaryType="nt:unstructured"
                                      components=""/>
        </page>
    </jcr:content>
</jcr:root>