<?xml version="1.0" encoding="UTF-8"?>
<jcr:root xmlns:sling="http://sling.apache.org/jcr/sling/1.0" xmlns:jcr="http://www.jcp.org/jcr/1.0" xmlns:rep="internal"
    jcr:mixinTypes="[rep:AccessControllable]"
    jcr:primaryType="sling:OrderedFolder">
    <icons/>
    <jcr:content/>
    <asset.jpg/>
    <america-ancient-architecture-532820.jpg/>
    <footer-image.jpg/>
    <we-gov.png/>
    <_x0034_th-of-july-america-american-1202726.jpg/>
    <_x0034_th-of-july-america-american-flag-774316.jpg/>
    <adult-africa-african-1035588.jpg/>
    <AdobeStock_130592390_Glenn.jpeg/>
    <AdobeStock_192946529_Natalie.jpeg/>
    <AdobeStock_54207977_Kiki.jpeg/>
    <AdobeStock_10272406_Will.jpeg/>
    <AdobeStock_209853715_Lisa.jpeg/>
    <AdobeStock_36633566_Martin.jpeg/>
    <we-gov-Hero.jpeg/>
    <we-gov-hero.jpg/>
    <we-gov-child-support.jpg/>
    <we-gov-employment.jpg/>
    <we-gov-health.jpg/>
    <we-gov-william.jpg/>
    <we-gov-lisa.jpg/>
    <we-gov-martin.jpg/>
    <we-gov-Kiki-McLoughlin.jpg/>
    <we-gov-Glenn-Horton.jpg/>
    <we-gov-Natalie-Porstmouth.jpg/>
    <we-gov-officials-long.jpg/>
    <we-gov-officials-long-glen.jpg/>
    <we-gov-officials-long-kiki.jpg/>
    <we-gov-officials-long-martin.jpg/>
    <we-gov-welcome-handbook/>
    <we-gov_inverted.png/>
    <rep:policy/>
</jcr:root>
