<?xml version="1.0" encoding="UTF-8"?>
<jcr:root xmlns:sling="http://sling.apache.org/jcr/sling/1.0" xmlns:cq="http://www.day.com/jcr/cq/1.0" xmlns:jcr="http://www.jcp.org/jcr/1.0" xmlns:nt="http://www.jcp.org/jcr/nt/1.0" xmlns:rep="internal"
    jcr:mixinTypes="[rep:AccessControllable]"
    jcr:primaryType="cq:Page">
    <wcm jcr:primaryType="nt:unstructured">
        <foundation jcr:primaryType="nt:unstructured">
            <components jcr:primaryType="nt:unstructured">
                <responsivegrid jcr:primaryType="nt:unstructured">
                    <jcr:content
                        jcr:primaryType="nt:unstructured"
                        mergeList="{Boolean}true"/>
                    <afpolicy
                        jcr:description="Policy of the Adaptive Form"
                        jcr:primaryType="nt:unstructured"
                        jcr:title="Simple Adaptive Form Policy"
                        sling:resourceType="wcm/core/components/policy/policy"
                        components="[group:General,/libs/fd/af/components/guideheader,/libs/fd/af/components/guidefooter,/libs/fd/af/components/guideimage,/libs/fd/af/components/guidetextdraw,/libs/fd/af/components/afFormTitle]">
                        <cq:authoring jcr:primaryType="nt:unstructured">
                            <assetToComponentMapping jcr:primaryType="nt:unstructured">
                                <image
                                    jcr:primaryType="nt:unstructured"
                                    assetGroup="media"
                                    assetMimetype="image/*"
                                    droptarget="image"
                                    resourceType="foundation/components/image"
                                    type="Images"/>
                                <product
                                    jcr:primaryType="nt:unstructured"
                                    assetGroup="product"
                                    droptarget="product-data-reference"
                                    resourceType="commerce/components/product"
                                    type="Products"/>
                                <document
                                    jcr:primaryType="nt:unstructured"
                                    assetGroup="media"
                                    assetMimetype="[application/vnd.openxmlformats,application/msword,application/vnd.ms-powerpoint,application/mspowerpoint,application/powerpoint,application/x-mspowerpoint,application/x-msexcel,application/x-excel,application/excel,application/vnd.ms-excel,application/pdf,application/vnd.openxmlformats-officedocument.wordprocessingml.document]"
                                    droptarget="file"
                                    resourceType="foundation/components/download"
                                    type="Images"/>
                                <video
                                    jcr:primaryType="nt:unstructured"
                                    assetGroup="media"
                                    assetMimetype="video/*"
                                    droptarget="video"
                                    resourceType="foundation/components/video"
                                    type="Images"/>
                                <fragment
                                    jcr:primaryType="nt:unstructured"
                                    assetGroup="media"
                                    assetMimetype="text/html"
                                    droptarget="fragment"
                                    resourceType="dam/cfm/components/contentfragment"
                                    type="Content Fragment"/>
                            </assetToComponentMapping>
                        </cq:authoring>
                        <jcr:content
                            jcr:primaryType="nt:unstructured"
                            mergeList="{Boolean}true"/>
                    </afpolicy>
                </responsivegrid>
            </components>
        </foundation>
    </wcm>
    <fd jcr:primaryType="nt:unstructured">
        <af jcr:primaryType="nt:unstructured">
            <components jcr:primaryType="nt:unstructured">
                <page2 jcr:primaryType="nt:unstructured">
                    <aftemplatedpage jcr:primaryType="nt:unstructured"/>
                </page2>
                <guideContainer jcr:primaryType="nt:unstructured">
                    <jcr:content
                        jcr:primaryType="nt:unstructured"
                        mergeList="{Boolean}true"/>
                    <default
                        jcr:description="Policy of the Adaptive Form Guide Container"
                        jcr:primaryType="nt:unstructured"
                        jcr:title="Simple Adaptive Form Guide Container Policy"
                        sling:resourceType="wcm/core/components/policy/policy"
                        components="[group:Adaptive Form]">
                        <cq:authoring jcr:primaryType="nt:unstructured">
                            <assetToComponentMapping jcr:primaryType="nt:unstructured">
                                <image
                                    jcr:primaryType="nt:unstructured"
                                    assetGroup="media"
                                    assetMimetype="image/*"
                                    droptarget="image"
                                    resourceType="foundation/components/image"
                                    type="Images"/>
                                <product
                                    jcr:primaryType="nt:unstructured"
                                    assetGroup="product"
                                    droptarget="product-data-reference"
                                    resourceType="commerce/components/product"
                                    type="Products"/>
                                <document
                                    jcr:primaryType="nt:unstructured"
                                    assetGroup="media"
                                    assetMimetype="[application/vnd.openxmlformats,application/msword,application/vnd.ms-powerpoint,application/mspowerpoint,application/powerpoint,application/x-mspowerpoint,application/x-msexcel,application/x-excel,application/excel,application/vnd.ms-excel,application/pdf,application/vnd.openxmlformats-officedocument.wordprocessingml.document]"
                                    droptarget="file"
                                    resourceType="foundation/components/download"
                                    type="Images"/>
                                <video
                                    jcr:primaryType="nt:unstructured"
                                    assetGroup="media"
                                    assetMimetype="video/*"
                                    droptarget="video"
                                    resourceType="foundation/components/video"
                                    type="Images"/>
                                <fragment
                                    jcr:primaryType="nt:unstructured"
                                    assetGroup="media"
                                    assetMimetype="text/html"
                                    droptarget="fragment"
                                    resourceType="dam/cfm/components/contentfragment"
                                    type="Content Fragment"/>
                                <experiencefragment
                                    jcr:primaryType="nt:unstructured"
                                    assetGroup="content"
                                    assetMimetype="text/html"
                                    droptarget="experiencefragment"
                                    resourceType="cq/experience-fragments/editor/components/experiencefragment"
                                    type="experiencefragment"/>
                            </assetToComponentMapping>
                        </cq:authoring>
                        <jcr:content
                            jcr:primaryType="nt:unstructured"
                            mergeList="{Boolean}true"/>
                    </default>
                </guideContainer>
            </components>
        </af>
        <ccm jcr:primaryType="nt:unstructured">
            <web-channel jcr:primaryType="nt:unstructured">
                <components jcr:primaryType="nt:unstructured">
                    <page jcr:primaryType="nt:unstructured">
                        <v1 jcr:primaryType="nt:unstructured">
                            <base jcr:primaryType="nt:unstructured">
                                <jcr:content
                                    jcr:primaryType="nt:unstructured"
                                    mergeList="{Boolean}true"/>
                                <default
                                    jcr:description="Policy of the Interactive Communication page"
                                    jcr:primaryType="nt:unstructured"
                                    jcr:title="Default Page"
                                    sling:resourceType="wcm/core/components/policy/policy"
                                    clientlibs="[wcm.foundation.components.page.responsive]">
                                    <jcr:content
                                        jcr:primaryType="nt:unstructured"
                                        mergeList="{Boolean}true"/>
                                </default>
                            </base>
                        </v1>
                    </page>
                    <documentContainer jcr:primaryType="nt:unstructured">
                        <v1 jcr:primaryType="nt:unstructured">
                            <documentContainer jcr:primaryType="nt:unstructured">
                                <jcr:content
                                    jcr:primaryType="nt:unstructured"
                                    mergeList="{Boolean}true"/>
                                <default
                                    jcr:description="Policy of the Interactive Communication Container"
                                    jcr:primaryType="nt:unstructured"
                                    jcr:title="We.gov Simple Interactive Communication Container Policy"
                                    sling:resourceType="wcm/core/components/policy/policy"
                                    components="[group:AEM Forms We.Gov Components,group:Interactive Communication]">
                                    <cq:authoring jcr:primaryType="nt:unstructured">
                                        <assetToComponentMapping jcr:primaryType="nt:unstructured">
                                            <image
                                                jcr:primaryType="nt:unstructured"
                                                assetGroup="media"
                                                assetMimetype="image/*"
                                                droptarget="image"
                                                resourceType="fd/ccm/web-channel/components/image/v1/image"
                                                type="Images"/>
                                            <product
                                                jcr:primaryType="nt:unstructured"
                                                assetGroup="product"
                                                droptarget="product-data-reference"
                                                resourceType="commerce/components/product"
                                                type="Products"/>
                                            <document
                                                jcr:primaryType="nt:unstructured"
                                                assetGroup="media"
                                                assetMimetype="[application/vnd.openxmlformats,application/msword,application/vnd.ms-powerpoint,application/mspowerpoint,application/powerpoint,application/x-mspowerpoint,application/x-msexcel,application/x-excel,application/excel,application/vnd.ms-excel,application/pdf,application/vnd.openxmlformats-officedocument.wordprocessingml.document]"
                                                droptarget="file"
                                                resourceType="foundation/components/download"
                                                type="Images"/>
                                            <video
                                                jcr:primaryType="nt:unstructured"
                                                assetGroup="media"
                                                assetMimetype="video/*"
                                                droptarget="video"
                                                resourceType="foundation/components/video"
                                                type="Images"/>
                                            <fragment
                                                jcr:primaryType="nt:unstructured"
                                                assetGroup="media"
                                                assetMimetype="text/html"
                                                droptarget="fragment"
                                                resourceType="dam/cfm/components/contentfragment"
                                                type="Content Fragment"/>
                                            <experiencefragment
                                                jcr:primaryType="nt:unstructured"
                                                assetGroup="content"
                                                assetMimetype="text/html"
                                                droptarget="experiencefragment"
                                                resourceType="cq/experience-fragments/editor/components/experiencefragment"
                                                type="experiencefragment"/>
                                        </assetToComponentMapping>
                                    </cq:authoring>
                                    <jcr:content
                                        jcr:primaryType="nt:unstructured"
                                        mergeList="{Boolean}true"/>
                                </default>
                            </documentContainer>
                        </v1>
                    </documentContainer>
                    <documentFragmentGroup jcr:primaryType="nt:unstructured">
                        <v1 jcr:primaryType="nt:unstructured">
                            <documentFragmentGroup jcr:primaryType="nt:unstructured">
                                <jcr:content
                                    jcr:primaryType="nt:unstructured"
                                    mergeList="{Boolean}true"/>
                                <default
                                    jcr:description="Policy of the Document Fragment Group"
                                    jcr:primaryType="nt:unstructured"
                                    jcr:title="Simple Document Fragment Group Policy"
                                    sling:resourceType="wcm/core/components/policy/policy"
                                    components="[/libs/fd/ccm/web-channel/components/documentFragment/v1/documentFragment,/libs/fd/ccm/web-channel/components/image/v1/image,/libs/fd/ccm/web-channel/components/chart/v1/chart]">
                                    <jcr:content
                                        jcr:primaryType="nt:unstructured"
                                        mergeList="{Boolean}true"/>
                                </default>
                            </documentFragmentGroup>
                        </v1>
                    </documentFragmentGroup>
                </components>
            </web-channel>
        </ccm>
    </fd>
</jcr:root>
